{	
    "type": "Live2D Model Setting",
    "name": "model",
    "version":"1.0.0",
    "model": "model.moc",
    "textures": [
      "model.2048/texture_00.png"
    ],
    "layout":{
      "center_x":0.0,
      "center_y":0.05,
      "width":1.8
    },
    "hit_areas_custom":{
      "head_x":[-0.35, 0.6],
      "head_y":[0.19, -0.2],
      "body_x":[-0.3, -0.25],
      "body_y":[0.3, -0.9]
    },
    "motions":{
      "idle":[
        {"file":"motions/Idle.mtn"}
      ],
      "sleepy":[
      	{"file":"motions/Nemui.mtn"}
      ],
      "flick_head":[
      	{"file":"motions/Anone_Synced.mtn"}
      ],
      "tap_body":[
      	{"file":"motions/Dance.mtn"}
      ]
    }
}