{"mouseover":[{"selector":".title a","text":["要看看 {text} 么？"]},{"selector":".searchbox","text":["在找什么东西呢，需要帮忙吗？"]},{"selector":".container img[src^='http']","text":["点击图片可以放大呢"]},{"selector":".container a[href^='http']","text":["要看看 <span style=\"color:#0099cc;\"> {text} </span> 么？"]},{"selector":".back-to-top","text":["回到开始的地方吧"]},{"selector":"#landlord","text":["干嘛呢你，快把手拿开","鼠…鼠标放错地方了！"]},{"selector":"#reward-button","text":["要给我买糖吃吗？"]}],"click":[{"selector":"#landlord #live2d","text":["不要动手动脚的！快把手拿开~~","真…真的是不知羞耻！","Hentai！","再摸的话我可要报警了！⌇●﹏●⌇","110吗，这里有个变态一直在摸我(ó﹏ò｡)"]},{"selector":"#gitalk-container.comments","text":["说点什么吧，Calm 会很高兴的","既然都来了，何不留下点什么再离开？","记得要在 Calm 面前夸夸我哦 ~ "]}]}