{
    "mouseover": [
        {
            "selector": ".title a",
            "text": ["要看看 {text} 么？"]
        },
        {
            "selector": ".searchbox",
            "text": ["在找什么东西呢，需要帮忙吗？"]
        }
    ],
    "click": [
        {
            "selector": "#landlord #live2d",
            "text": ["不要动手动脚的哦！我家小主可是会打你的~~", "你…你在调皮，人家…人家就不帮你止血了！","Hentai！", "再摸的话我可要通知我家主人了了！⌇●﹏●⌇", "110吗，这里有个调皮鬼一直在摸我(ó﹏ò｡)"]
        }
    ]
}